sgRNA_Name,Gene,Ensembl ID,Sequence,Guide with flanking sequence (10bp before and after the guide + PAM),Chromosome,PAM position in chromosome,On-target efficiency,Exon,Targets last exon,10bp off-target match,Off-target score,Protein domain,Oligo,OligoName,SH,IDT name
GUIDES_sg001,ABCA1,ENSG00000165029.11,GTTGACTGGGAGAGAACACG,TCACAGAGCTGTTGACTGGGAGAGAACACGTGGTGGAGTTCTT,9,107550798,0.707186352,46,FALSE,FALSE,0,ABC_tran,TGGAAAGGACGAAACACCGGTTGACTGGGAGAGAACACGGTTTTAGAGCTAGAAATAGCAAGTTAAAATAAGGC,GUIDES_sg001_ABCA1,SH1075,(SH1075) GUIDES_sg001_ABCA1
GUIDES_sg002,ABCA1,ENSG00000165029.11,GTGTTCTAAAAGAGAAACAC,TTTCCTGGAAGTGTTCTAAAAGAGAAACACCGGCGGAACATGC,9,107547791,0.684107302,50,FALSE,FALSE,0,,TGGAAAGGACGAAACACCGGTGTTCTAAAAGAGAAACACGTTTTAGAGCTAGAAATAGCAAGTTAAAATAAGGC,GUIDES_sg002_ABCA1,SH1076,(SH1076) GUIDES_sg002_ABCA1
GUIDES_sg003,ADAMTS6,ENSG00000049192.10,GTGCAGTGTCTCTCCTACAC,GATGAGAACTGTGCAGTGTCTCTCCTACACCGGCGGACAGGCA,5,64466502,0.720054847,28,FALSE,FALSE,0,,TGGAAAGGACGAAACACCGGTGCAGTGTCTCTCCTACACGTTTTAGAGCTAGAAATAGCAAGTTAAAATAAGGC,GUIDES_sg003_ADAMTS6,SH1077,(SH1077) GUIDES_sg003_ADAMTS6
GUIDES_sg004,ADAMTS6,ENSG00000049192.10,ACCAGTCATGTCCACCACAG,CCCTGCAACAACCAGTCATGTCCACCACAGTGGTGGGTGGCTT,5,64484023,0.71972146,26,FALSE,FALSE,0,,TGGAAAGGACGAAACACCGACCAGTCATGTCCACCACAGGTTTTAGAGCTAGAAATAGCAAGTTAAAATAAGGC,GUIDES_sg004_ADAMTS6,SH1078,(SH1078) GUIDES_sg004_ADAMTS6
GUIDES_sg005,AFAP1,ENSG00000196526.6,CAAGGGTAAAAAGCCCCCCG,CAAGGGTAAAAAGCCCCCCGTGGTGGCGTCTAA,4,7780510,0.759587174,16,FALSE,FALSE,0,,TGGAAAGGACGAAACACCGCAAGGGTAAAAAGCCCCCCGGTTTTAGAGCTAGAAATAGCAAGTTAAAATAAGGC,GUIDES_sg005_AFAP1,SH1079,(SH1079) GUIDES_sg005_AFAP1
GUIDES_sg006,AFAP1,ENSG00000196526.6,GGAAAGAAAAGACCTTCGAG,AGCTCCGCAAGGAAAGAAAAGACCTTCGAGCGGCGGCTATTGA,4,7776609,0.753862205,17,FALSE,FALSE,0,,TGGAAAGGACGAAACACCGGGAAAGAAAAGACCTTCGAGGTTTTAGAGCTAGAAATAGCAAGTTAAAATAAGGC,GUIDES_sg006_AFAP1,SH1080,(SH1080) GUIDES_sg006_AFAP1
GUIDES_sg007,ALDH9A1,ENSG00000143149.8,CAACTATAACGTCAGCCCAG,GCTTCATTAACAACTATAACGTCAGCCCAGTGGTGGAGTTGCC,1,165634334,0.764185557,10,FALSE,FALSE,0,Aldedh,TGGAAAGGACGAAACACCGCAACTATAACGTCAGCCCAGGTTTTAGAGCTAGAAATAGCAAGTTAAAATAAGGC,GUIDES_sg007_ALDH9A1,SH1081,(SH1081) GUIDES_sg007_ALDH9A1
GUIDES_sg008,ALDH9A1,ENSG00000143149.8,TATGAACAATGCTGTAAAGG,CAGACTGTGATATGAACAATGCTGTAAAGGGGGGGGCGCTGAT,1,165648784,0.704113168,6,FALSE,FALSE,0,Aldedh,TGGAAAGGACGAAACACCGTATGAACAATGCTGTAAAGGGTTTTAGAGCTAGAAATAGCAAGTTAAAATAAGGC,GUIDES_sg008_ALDH9A1,SH1082,(SH1082) GUIDES_sg008_ALDH9A1
GUIDES_sg009,ANAPC1,ENSG00000153107.7,GTGCTGTGAGCTGGGAAGTG,CCGGTTGTCAGTGCTGTGAGCTGGGAAGTGCGGCGGATAAAGG,2,112545839,0.69840945,39,FALSE,FALSE,0,,TGGAAAGGACGAAACACCGGTGCTGTGAGCTGGGAAGTGGTTTTAGAGCTAGAAATAGCAAGTTAAAATAAGGC,GUIDES_sg009_ANAPC1,SH1083,(SH1083) GUIDES_sg009_ANAPC1
GUIDES_sg010,ANAPC1,ENSG00000153107.7,ATGGCTCTTCCTGTAGGACG,TCAGCGAACTATGGCTCTTCCTGTAGGACGAGGAGGAATGTTT,2,112576461,0.641611628,27,FALSE,FALSE,0,,TGGAAAGGACGAAACACCGATGGCTCTTCCTGTAGGACGGTTTTAGAGCTAGAAATAGCAAGTTAAAATAAGGC,GUIDES_sg010_ANAPC1,SH1084,(SH1084) GUIDES_sg010_ANAPC1
GUIDES_sg011,ANGPT1,ENSG00000154188.5,CCCCAGCCAATATTCACCGG,TAAACTCATTCCCCAGCCAATATTCACCGGAGGAGGGATTTCC,8,108297060,0.666179972,9,FALSE,FALSE,0,Fibrinogen_C,TGGAAAGGACGAAACACCGCCCCAGCCAATATTCACCGGGTTTTAGAGCTAGAAATAGCAAGTTAAAATAAGGC,GUIDES_sg011_ANGPT1,SH1085,(SH1085) GUIDES_sg011_ANGPT1
GUIDES_sg012,ANGPT1,ENSG00000154188.5,AATATGGATGTCAATGGGGG,GGTGTTTTGCAATATGGATGTCAATGGGGGAGGAGGTTGGACT,8,108306192,0.630390739,8,FALSE,FALSE,0,Fibrinogen_C,TGGAAAGGACGAAACACCGAATATGGATGTCAATGGGGGGTTTTAGAGCTAGAAATAGCAAGTTAAAATAAGGC,GUIDES_sg012_ANGPT1,SH1086,(SH1086) GUIDES_sg012_ANGPT1
GUIDES_sg013,ANGPT2,ENSG00000091879.9,TAACGTGTAGATGCCATTCG,TAGGGAATGTTAACGTGTAGATGCCATTCGTGGTGGTGTGTCC,8,6377434,0.692502215,5,FALSE,FALSE,0,Fibrinogen_C,TGGAAAGGACGAAACACCGTAACGTGTAGATGCCATTCGGTTTTAGAGCTAGAAATAGCAAGTTAAAATAAGGC,GUIDES_sg013_ANGPT2,SH1087,(SH1087) GUIDES_sg013_ANGPT2
GUIDES_sg014,ANGPT2,ENSG00000091879.9,TGTGACATGGAAGCTGGAGG,GCAGGCCTACTGTGACATGGAAGCTGGAGGAGGAGGCGGGTGG,8,6372223,0.647042655,6,FALSE,FALSE,0,Fibrinogen_C,TGGAAAGGACGAAACACCGTGTGACATGGAAGCTGGAGGGTTTTAGAGCTAGAAATAGCAAGTTAAAATAAGGC,GUIDES_sg014_ANGPT2,SH1088,(SH1088) GUIDES_sg014_ANGPT2
GUIDES_sg015,ANGPTL2,ENSG00000136859.5,ACTCGCTCTCAGGTTCCAGG,AGCTTATAATACTCGCTCTCAGGTTCCAGGCGGCGGAAACTGG,9,129854076,0.761119961,5,FALSE,FALSE,0,Fibrinogen_C,TGGAAAGGACGAAACACCGACTCGCTCTCAGGTTCCAGGGTTTTAGAGCTAGAAATAGCAAGTTAAAATAAGGC,GUIDES_sg015_ANGPTL2,SH1089,(SH1089) GUIDES_sg015_ANGPTL2
GUIDES_sg016,ANGPTL2,ENSG00000136859.5,CACCAGCATGTCACGCACAG,CAGTCCGAGCCACCAGCATGTCACGCACAGTGGTGGCCTCATG,9,129871001,0.753686491,2,FALSE,FALSE,0,RasGEF,TGGAAAGGACGAAACACCGCACCAGCATGTCACGCACAGGTTTTAGAGCTAGAAATAGCAAGTTAAAATAAGGC,GUIDES_sg016_ANGPTL2,SH1090,(SH1090) GUIDES_sg016_ANGPTL2
GUIDES_sg017,ANKH,ENSG00000154122.8,CTTTGTGGGAGAATCCACCA,TCCTGGCGGGCTTTGTGGGAGAATCCACCATGGTGGTCGCCAT,5,14713044,0.705623542,14,FALSE,FALSE,0,ANKH,TGGAAAGGACGAAACACCGCTTTGTGGGAGAATCCACCAGTTTTAGAGCTAGAAATAGCAAGTTAAAATAAGGC,GUIDES_sg017_ANKH,SH1091,(SH1091) GUIDES_sg017_ANKH
GUIDES_sg018,ANKH,ENSG00000154122.8,TGAGGGCGCATCTCACCGGG,ACAGTCACAGTGAGGGCGCATCTCACCGGGTGGTGGCTGATGA,5,14713678,0.671178514,13,FALSE,FALSE,0,ANKH,TGGAAAGGACGAAACACCGTGAGGGCGCATCTCACCGGGGTTTTAGAGCTAGAAATAGCAAGTTAAAATAAGGC,GUIDES_sg018_ANKH,SH1092,(SH1092) GUIDES_sg018_ANKH
GUIDES_sg019,ANTXR1,ENSG00000169604.15,CTTCCGACATGCCCGCAACG,GAGGAAACGGCTTCCGACATGCCCGCAACGTGGTGGACAGGGT,2,69330024,0.66965417,10,FALSE,FALSE,0,Anth_Ig,TGGAAAGGACGAAACACCGCTTCCGACATGCCCGCAACGGTTTTAGAGCTAGAAATAGCAAGTTAAAATAAGGC,GUIDES_sg019_ANTXR1,SH1093,(SH1093) GUIDES_sg019_ANTXR1
GUIDES_sg020,ANTXR1,ENSG00000169604.15,CAGAACTGGAGATAAAAGAG,GTGATGATGACAGAACTGGAGATAAAAGAGAGGAGGCCATCGT,2,69351739,0.661995855,12,FALSE,FALSE,0,Anth_Ig,TGGAAAGGACGAAACACCGCAGAACTGGAGATAAAAGAGGTTTTAGAGCTAGAAATAGCAAGTTAAAATAAGGC,GUIDES_sg020_ANTXR1,SH1094,(SH1094) GUIDES_sg020_ANTXR1
GUIDES_sg021,ARHGEF12,ENSG00000196914.4,CTGCTGGACCAGAAATTCGG,CTCCCCAGCGCTGCTGGACCAGAAATTCGGGGGGGGTGAATGG,11,120352108,0.715629912,39,FALSE,FALSE,0,,TGGAAAGGACGAAACACCGCTGCTGGACCAGAAATTCGGGTTTTAGAGCTAGAAATAGCAAGTTAAAATAAGGC,GUIDES_sg021_ARHGEF12,SH1095,(SH1095) GUIDES_sg021_ARHGEF12
GUIDES_sg022,ARHGEF12,ENSG00000196914.4,TCTCTGGGGTCATAATCATG,ATGGTAGGCATCTCTGGGGTCATAATCATGTGGTGGTCCATTA,11,120350832,0.682338139,38,FALSE,FALSE,0,,TGGAAAGGACGAAACACCGTCTCTGGGGTCATAATCATGGTTTTAGAGCTAGAAATAGCAAGTTAAAATAAGGC,GUIDES_sg022_ARHGEF12,SH1096,(SH1096) GUIDES_sg022_ARHGEF12
GUIDES_sg023,ATXN2,ENSG00000204842.10,TACCAAATATGCCCCAACAG,TACCAAATATGCCCCAACAGCGGCGGCAAGACC,12,111908381,0.746394842,21,FALSE,FALSE,0,,TGGAAAGGACGAAACACCGTACCAAATATGCCCCAACAGGTTTTAGAGCTAGAAATAGCAAGTTAAAATAAGGC,GUIDES_sg023_ATXN2,SH1097,(SH1097) GUIDES_sg023_ATXN2
GUIDES_sg024,ATXN2,ENSG00000204842.10,ATTACAGGACTATAGACATG,ATTACCCTGTATTACAGGACTATAGACATGAGGAGGATGCTGT,12,111908038,0.705381212,22,FALSE,FALSE,0,,TGGAAAGGACGAAACACCGATTACAGGACTATAGACATGGTTTTAGAGCTAGAAATAGCAAGTTAAAATAAGGC,GUIDES_sg024_ATXN2,SH1098,(SH1098) GUIDES_sg024_ATXN2
GUIDES_sg025,BCAS3,ENSG00000141376.16,ATGGGCCCAGGACTTCCAGG,ATGTCGAGTAATGGGCCCAGGACTTCCAGGGGGGGGAACCACT,17,59152373,0.763805308,35,FALSE,FALSE,0,,TGGAAAGGACGAAACACCGATGGGCCCAGGACTTCCAGGGTTTTAGAGCTAGAAATAGCAAGTTAAAATAAGGC,GUIDES_sg025_BCAS3,SH1099,(SH1099) GUIDES_sg025_BCAS3
GUIDES_sg026,BCAS3,ENSG00000141376.16,TGAACTGGATGAGATAACTG,GCAACACAGATGAACTGGATGAGATAACTGTGGTGGTTTGGCC,17,59155799,0.749363581,36,FALSE,FALSE,0,,TGGAAAGGACGAAACACCGTGAACTGGATGAGATAACTGGTTTTAGAGCTAGAAATAGCAAGTTAAAATAAGGC,GUIDES_sg026_BCAS3,SH1100,(SH1100) GUIDES_sg026_BCAS3
GUIDES_sg027,CAPZA1,ENSG00000116489.8,AGTTTTTAGGCTGAAACTGG,AGTTTTTAGGCTGAAACTGGTGGTGGCTTTCAA,1,113201667,0.671121892,6,FALSE,FALSE,0,F-actin_cap_A,TGGAAAGGACGAAACACCGAGTTTTTAGGCTGAAACTGGGTTTTAGAGCTAGAAATAGCAAGTTAAAATAAGGC,GUIDES_sg027_CAPZA1,SH1101,(SH1101) GUIDES_sg027_CAPZA1
GUIDES_sg028,CAPZA1,ENSG00000116489.8,GGAATAATGGTCTTTCACAT,AGAAGCCGTTGGAATAATGGTCTTTCACATAGGAGGCTCTTAA,1,113197121,0.61837895,5,FALSE,FALSE,0,F-actin_cap_A,TGGAAAGGACGAAACACCGGGAATAATGGTCTTTCACATGTTTTAGAGCTAGAAATAGCAAGTTAAAATAAGGC,GUIDES_sg028_CAPZA1,SH1102,(SH1102) GUIDES_sg028_CAPZA1
GUIDES_sg029,CAV1,ENSG00000105974.7,TAAACACCTCAACGATGACG,ACCGCGACCCTAAACACCTCAACGATGACGTGGTGGTCAAGGT,7,116166735,0.697766064,3,FALSE,FALSE,0,Caveolin,TGGAAAGGACGAAACACCGTAAACACCTCAACGATGACGGTTTTAGAGCTAGAAATAGCAAGTTAAAATAAGGC,GUIDES_sg029_CAV1,SH1103,(SH1103) GUIDES_sg029_CAV1
GUIDES_sg030,CAV1,ENSG00000105974.7,TGGGGGCAAATACGTAGACT,CCAGCATGTCTGGGGGCAAATACGTAGACTCGGCGGAGGTAGG,7,116165141,0.638532867,1,FALSE,FALSE,0,Caveolin,TGGAAAGGACGAAACACCGTGGGGGCAAATACGTAGACTGTTTTAGAGCTAGAAATAGCAAGTTAAAATAAGGC,GUIDES_sg030_CAV1,SH1104,(SH1104) GUIDES_sg030_CAV1
GUIDES_sg031,CAV2,ENSG00000105971.10,GATGTGCAGACAGCTGAGGG,GATGTGCAGACAGCTGAGGGTGGTGGCAAAGAG,7,116140335,0.699222046,23,FALSE,FALSE,0,Caveolin,TGGAAAGGACGAAACACCGGATGTGCAGACAGCTGAGGGGTTTTAGAGCTAGAAATAGCAAGTTAAAATAAGGC,GUIDES_sg031_CAV2,SH1105,(SH1105) GUIDES_sg031_CAV2
GUIDES_sg032,CAV2,ENSG00000105971.10,CGGCGTACTCGAGGCCGCTG,TTCTCGGGGTCGGCGTACTCGAGGCCGCTGTGGTGGTGGCTGT,7,116139920,0.674769146,22,FALSE,FALSE,0,Caveolin,TGGAAAGGACGAAACACCGCGGCGTACTCGAGGCCGCTGGTTTTAGAGCTAGAAATAGCAAGTTAAAATAAGGC,GUIDES_sg032_CAV2,SH1106,(SH1106) GUIDES_sg032_CAV2
GUIDES_sg033,CDH11,ENSG00000140937.9,TCAGGAAGCCAAAGTCCCAG,ACAATCGGCATCAGGAAGCCAAAGTCCCAGTGGTGGCCATTAG,16,65005863,0.765145054,19,FALSE,FALSE,0,Cadherin,TGGAAAGGACGAAACACCGTCAGGAAGCCAAAGTCCCAGGTTTTAGAGCTAGAAATAGCAAGTTAAAATAAGGC,GUIDES_sg033_CDH11,SH1107,(SH1107) GUIDES_sg033_CDH11
GUIDES_sg034,CDH11,ENSG00000140937.9,GGATTGTGAATGATTTCAGG,TGTGAAATTTGGATTGTGAATGATTTCAGGGGGGGGTAGGCTG,16,65005527,0.686839641,20,FALSE,FALSE,0,Cadherin,TGGAAAGGACGAAACACCGGGATTGTGAATGATTTCAGGGTTTTAGAGCTAGAAATAGCAAGTTAAAATAAGGC,GUIDES_sg034_CDH11,SH1108,(SH1108) GUIDES_sg034_CDH11
GUIDES_sg035,COL24A1,ENSG00000171502.10,GGGTTATCTCGTGTGCCAAG,GATTCGTGCTGGGTTATCTCGTGTGCCAAGAGGAGGATTCTTG,1,86210418,0.662833491,60,FALSE,FALSE,0,COLFI,TGGAAAGGACGAAACACCGGGGTTATCTCGTGTGCCAAGGTTTTAGAGCTAGAAATAGCAAGTTAAAATAAGGC,GUIDES_sg035_COL24A1,SH1109,(SH1109) GUIDES_sg035_COL24A1
GUIDES_sg036,COL24A1,ENSG00000171502.10,GAAATTGCAGAAAACCTCAA,CACCAGCACTGAAATTGCAGAAAACCTCAATGGTGGCATCTGA,1,86203143,0.614109727,61,FALSE,FALSE,0,COLFI,TGGAAAGGACGAAACACCGGAAATTGCAGAAAACCTCAAGTTTTAGAGCTAGAAATAGCAAGTTAAAATAAGGC,GUIDES_sg036_COL24A1,SH1110,(SH1110) GUIDES_sg036_COL24A1
GUIDES_sg037,CTTNBP2,ENSG00000077063.6,AAGCGGCCAGACTTCCTGCG,GGGTAAAGAGAAGCGGCCAGACTTCCTGCGAGGAGGACTGGTG,7,117364661,0.737788504,25,FALSE,FALSE,0,,TGGAAAGGACGAAACACCGAAGCGGCCAGACTTCCTGCGGTTTTAGAGCTAGAAATAGCAAGTTAAAATAAGGC,GUIDES_sg037_CTTNBP2,SH1111,(SH1111) GUIDES_sg037_CTTNBP2
GUIDES_sg038,CTTNBP2,ENSG00000077063.6,GCCAGGTTGTCTTTTCACAG,TCTGCCCAAAGCCAGGTTGTCTTTTCACAGAGGAGGCTCTTGA,7,117365243,0.682279464,24,FALSE,FALSE,0,,TGGAAAGGACGAAACACCGGCCAGGTTGTCTTTTCACAGGTTTTAGAGCTAGAAATAGCAAGTTAAAATAAGGC,GUIDES_sg038_CTTNBP2,SH1112,(SH1112) GUIDES_sg038_CTTNBP2
GUIDES_sg039,DGKG,ENSG00000058866.10,AACATTCCCAGCATGTACGG,TGCCATTCTCAACATTCCCAGCATGTACGGAGGAGGCACCAAT,3,185906067,0.746132205,22,FALSE,FALSE,0,DAGK_acc,TGGAAAGGACGAAACACCGAACATTCCCAGCATGTACGGGTTTTAGAGCTAGAAATAGCAAGTTAAAATAAGGC,GUIDES_sg039_DGKG,SH1113,(SH1113) GUIDES_sg039_DGKG
GUIDES_sg040,DGKG,ENSG00000058866.10,GTACTTTGAATTTGGCACCT,ACAAGCTGTGGTACTTTGAATTTGGCACCTCGGCGGAGACTTT,3,185929621,0.610555363,21,FALSE,FALSE,0,DAGK_acc,TGGAAAGGACGAAACACCGGTACTTTGAATTTGGCACCTGTTTTAGAGCTAGAAATAGCAAGTTAAAATAAGGC,GUIDES_sg040_DGKG,SH1114,(SH1114) GUIDES_sg040_DGKG
GUIDES_sg041,EFEMP1,ENSG00000115380.14,GACCACAAATGAATGCCGGG,ATGAGTGTGAGACCACAAATGAATGCCGGGAGGAGGATGAAAT,2,56098170,0.7383367,9,FALSE,FALSE,0,EGF_CA,TGGAAAGGACGAAACACCGGACCACAAATGAATGCCGGGGTTTTAGAGCTAGAAATAGCAAGTTAAAATAAGGC,GUIDES_sg041_EFEMP1,SH1115,(SH1115) GUIDES_sg041_EFEMP1
GUIDES_sg042,EFEMP1,ENSG00000115380.14,TCACCACTTGGTATCCCTGG,GTTCTACTTCTCACCACTTGGTATCCCTGGGGGGGGCACATAC,2,56102118,0.711733541,8,FALSE,FALSE,0,EGF_CA,TGGAAAGGACGAAACACCGTCACCACTTGGTATCCCTGGGTTTTAGAGCTAGAAATAGCAAGTTAAAATAAGGC,GUIDES_sg042_EFEMP1,SH1116,(SH1116) GUIDES_sg042_EFEMP1
GUIDES_sg043,EMCN,ENSG00000164035.5,ACGCTCTCTTTATCAGACTG,AAGAAGCTTCACGCTCTCTTTATCAGACTGAGGAGGTCTATT,4,101337112,0.716120299,19,FALSE,FALSE,0,Endomucin,TGGAAAGGACGAAACACCGACGCTCTCTTTATCAGACTGGTTTTAGAGCTAGAAATAGCAAGTTAAAATAAGGC,GUIDES_sg043_EMCN,SH1117,(SH1117) GUIDES_sg043_EMCN
GUIDES_sg044,EMCN,ENSG00000164035.5,GTTTTAGAAGGTGATGCATC,TAATGTACCAGTTTTAGAAGGTGATGCATCTGGTGGTTGTAGA,4,101344544,0.500046723,15,FALSE,FALSE,0,Endomucin,TGGAAAGGACGAAACACCGGTTTTAGAAGGTGATGCATCGTTTTAGAGCTAGAAATAGCAAGTTAAAATAAGGC,GUIDES_sg044_EMCN,SH1118,(SH1118) GUIDES_sg044_EMCN
GUIDES_sg045,EMID1,ENSG00000186998.11,AGGACTCCCAGGGACACCTG,CTATGTGACCAGGACTCCCAGGGACACCTGTGGTGGGGCCAGG,22,29629631,0.633805274,11,FALSE,FALSE,0,Collagen,TGGAAAGGACGAAACACCGAGGACTCCCAGGGACACCTGGTTTTAGAGCTAGAAATAGCAAGTTAAAATAAGGC,GUIDES_sg045_EMID1,SH1119,(SH1119) GUIDES_sg045_EMID1
GUIDES_sg046,EMID1,ENSG00000186998.11,GCTGCCCAGCAGAGCCTTGG,GCTGCCCAGCAGAGCCTTGGGGGGGGCCAGGCT,22,29630315,0.50154336,13,FALSE,FALSE,0,Collagen,TGGAAAGGACGAAACACCGGCTGCCCAGCAGAGCCTTGGGTTTTAGAGCTAGAAATAGCAAGTTAAAATAAGGC,GUIDES_sg046_EMID1,SH1120,(SH1120) GUIDES_sg046_EMID1
GUIDES_sg047,ETS1,ENSG00000134954.10,GCAGTGGACCAATCCAGCTA,GCAGTGGACCAATCCAGCTATGGTGGCAGTTTC,11,128333423,0.590477455,13,FALSE,FALSE,0,Ets,TGGAAAGGACGAAACACCGGCAGTGGACCAATCCAGCTAGTTTTAGAGCTAGAAATAGCAAGTTAAAATAAGGC,GUIDES_sg047_ETS1,SH1121,(SH1121) GUIDES_sg047_ETS1
GUIDES_sg048,ETS1,ENSG00000134954.10,CACTAAAGAACAGCAACGAC,TCAGTGGTTTCACTAAAGAACAGCAACGACTGGTGGGGATCCC,11,128360456,0.507782957,8,FALSE,FALSE,0,SAM_PNT,TGGAAAGGACGAAACACCGCACTAAAGAACAGCAACGACGTTTTAGAGCTAGAAATAGCAAGTTAAAATAAGGC,GUIDES_sg048_ETS1,SH1122,(SH1122) GUIDES_sg048_ETS1
GUIDES_sg049,FBXO32,ENSG00000156804.3,ATGTTCAGTTGTAGGCACAA,CCTCTGCATGATGTTCAGTTGTAGGCACAAAGGAGGCAGGTCA,8,124518778,0.680491123,7,FALSE,FALSE,0,,TGGAAAGGACGAAACACCGATGTTCAGTTGTAGGCACAAGTTTTAGAGCTAGAAATAGCAAGTTAAAATAAGGC,GUIDES_sg049_FBXO32,SH1123,(SH1123) GUIDES_sg049_FBXO32
GUIDES_sg050,FBXO32,ENSG00000156804.3,AACTTGTCCGATGTTACCCA,ATGTATTTCAAACTTGTCCGATGTTACCCAAGGAGGAAAGAGC,8,124516924,0.665922839,8,FALSE,FALSE,0,,TGGAAAGGACGAAACACCGAACTTGTCCGATGTTACCCAGTTTTAGAGCTAGAAATAGCAAGTTAAAATAAGGC,GUIDES_sg050_FBXO32,SH1124,(SH1124) GUIDES_sg050_FBXO32
GUIDES_sg051,FER,ENSG00000151422.8,ACAGTTCAGAGAGTGACGTG,CCAGGGAGATACAGTTCAGAGAGTGACGTGTGGTGGAGCTTTG,5,108521926,0.744231001,26,FALSE,FALSE,0,Pkinase,TGGAAAGGACGAAACACCGACAGTTCAGAGAGTGACGTGGTTTTAGAGCTAGAAATAGCAAGTTAAAATAAGGC,GUIDES_sg051_FER,SH1125,(SH1125) GUIDES_sg051_FER
GUIDES_sg052,FER,ENSG00000151422.8,ATGTCTCGTCAAGAGGATGG,TGACTTTGGAATGTCTCGTCAAGAGGATGGTGGTGGAGTGTAT,5,108516531,0.666176654,25,FALSE,FALSE,0,Pkinase,TGGAAAGGACGAAACACCGATGTCTCGTCAAGAGGATGGGTTTTAGAGCTAGAAATAGCAAGTTAAAATAAGGC,GUIDES_sg052_FER,SH1126,(SH1126) GUIDES_sg052_FER
GUIDES_sg053,FERMT2,ENSG00000073712.9,GCCTGCAGATTAGCCTCCAA,CTGGATGGCAGCCTGCAGATTAGCCTCCAAAGGAGGCAAGACC,14,53331165,0.635135622,17,FALSE,FALSE,0,PH,TGGAAAGGACGAAACACCGGCCTGCAGATTAGCCTCCAAGTTTTAGAGCTAGAAATAGCAAGTTAAAATAAGGC,GUIDES_sg053_FERMT2,SH1127,(SH1127) GUIDES_sg053_FERMT2
GUIDES_sg054,FERMT2,ENSG00000073712.9,CTGAGGTTCATCTGATGAGC,CTGAGGTTCATCTGATGAGCTGGTGGTGTGCCA,14,53339538,0.496718402,15,FALSE,FALSE,0,PH,TGGAAAGGACGAAACACCGCTGAGGTTCATCTGATGAGCGTTTTAGAGCTAGAAATAGCAAGTTAAAATAAGGC,GUIDES_sg054_FERMT2,SH1128,(SH1128) GUIDES_sg054_FERMT2
GUIDES_sg055,FMNL2,ENSG00000157827.15,GGAGTTCATCCTCAACAATG,CGCTGCTGAAGGAGTTCATCCTCAACAATGAGGAGGGGAAGCT,2,153493060,0.656016612,23,FALSE,FALSE,0,FH2,TGGAAAGGACGAAACACCGGGAGTTCATCCTCAACAATGGTTTTAGAGCTAGAAATAGCAAGTTAAAATAAGGC,GUIDES_sg055_FMNL2,SH1129,(SH1129) GUIDES_sg055_FMNL2
GUIDES_sg056,FMNL2,ENSG00000157827.15,TTCACAAACCGGACAAAGAC,CTTATATGCTTTCACAAACCGGACAAAGACAGGAGGAAAGAAG,2,153494116,0.52306371,24,FALSE,FALSE,0,FH2,TGGAAAGGACGAAACACCGTTCACAAACCGGACAAAGACGTTTTAGAGCTAGAAATAGCAAGTTAAAATAAGGC,GUIDES_sg056_FMNL2,SH1130,(SH1130) GUIDES_sg056_FMNL2
GUIDES_sg057,FNDC3B,ENSG00000075420.8,TGTGTACACACTACAGCTGG,CTGAGGACATTGTGTACACACTACAGCTGGAGGAGGACAGAAA,3,172080619,0.726749897,31,FALSE,FALSE,0,fn3,TGGAAAGGACGAAACACCGTGTGTACACACTACAGCTGGGTTTTAGAGCTAGAAATAGCAAGTTAAAATAAGGC,GUIDES_sg057_FNDC3B,SH1131,(SH1131) GUIDES_sg057_FNDC3B
GUIDES_sg058,FNDC3B,ENSG00000075420.8,GCTCTTCCCAGTTCAGTACA,TTATTGCACGGCTCTTCCCAGTTCAGTACAAGGAGGCACGCAG,3,172070730,0.69274705,30,FALSE,FALSE,0,fn3,TGGAAAGGACGAAACACCGGCTCTTCCCAGTTCAGTACAGTTTTAGAGCTAGAAATAGCAAGTTAAAATAAGGC,GUIDES_sg058_FNDC3B,SH1132,(SH1132) GUIDES_sg058_FNDC3B
GUIDES_sg059,GAS7,ENSG00000007237.14,GCTGAGCAACAAGACAGAGG,TGGAGATCAAGCTGAGCAACAAGACAGAGGAGGAGGACATCAA,17,9828877,0.715444147,19,FALSE,FALSE,0,,TGGAAAGGACGAAACACCGGCTGAGCAACAAGACAGAGGGTTTTAGAGCTAGAAATAGCAAGTTAAAATAAGGC,GUIDES_sg059_GAS7,SH1133,(SH1133) GUIDES_sg059_GAS7
GUIDES_sg060,GAS7,ENSG00000007237.14,GCTTGCGAAGGTCGGCAATG,CTGGCGAGCTGCTTGCGAAGGTCGGCAATGTGGTGGTGGTCGC,17,9830009,0.692490099,18,FALSE,FALSE,0,,TGGAAAGGACGAAACACCGGCTTGCGAAGGTCGGCAATGGTTTTAGAGCTAGAAATAGCAAGTTAAAATAAGGC,GUIDES_sg060_GAS7,SH1134,(SH1134) GUIDES_sg060_GAS7
GUIDES_sg061,GNB1L,ENSG00000185838.9,GCCCACACTCTCCAAGCACA,TCCGGCAGAAGCCCACACTCTCCAAGCACACGGCGGAGTCCAC,22,19799902,0.656080017,3,FALSE,FALSE,0,,TGGAAAGGACGAAACACCGGCCCACACTCTCCAAGCACAGTTTTAGAGCTAGAAATAGCAAGTTAAAATAAGGC,GUIDES_sg061_GNB1L,SH1135,(SH1135) GUIDES_sg061_GNB1L
GUIDES_sg062,GNB1L,ENSG00000185838.9,GCAGGCTCCAGATGTGTACC,CTCCGCGTCTGCAGGCTCCAGATGTGTACCAGGAGGCCACTCT,22,19808231,0.572759585,2,FALSE,FALSE,0,WD40,TGGAAAGGACGAAACACCGGCAGGCTCCAGATGTGTACCGTTTTAGAGCTAGAAATAGCAAGTTAAAATAAGGC,GUIDES_sg062_GNB1L,SH1136,(SH1136) GUIDES_sg062_GNB1L
GUIDES_sg063,KALRN,ENSG00000160145.11,TGAACAGAGAGACTTCTGAG,TTTGCACTCATGAACAGAGAGACTTCTGAGAGGAGGGTTGTTC,3,124385936,0.713929927,59,FALSE,FALSE,0,PH,TGGAAAGGACGAAACACCGTGAACAGAGAGACTTCTGAGGTTTTAGAGCTAGAAATAGCAAGTTAAAATAAGGC,GUIDES_sg063_KALRN,SH1137,(SH1137) GUIDES_sg063_KALRN
GUIDES_sg064,KALRN,ENSG00000160145.11,CTTCCTGAGATACAGTGAGA,CTTCCTGAGATACAGTGAGAAGGAGGCTGGTTT,3,124379791,0.590046749,56,FALSE,FALSE,0,RhoGEF,TGGAAAGGACGAAACACCGCTTCCTGAGATACAGTGAGAGTTTTAGAGCTAGAAATAGCAAGTTAAAATAAGGC,GUIDES_sg064_KALRN,SH1138,(SH1138) GUIDES_sg064_KALRN
GUIDES_sg065,KREMEN1,ENSG00000183762.8,TGATTACTGGAAGTACGGGG,GAAACAATCCTGATTACTGGAAGTACGGGGAGGAGGCAGCCAG,22,29521317,0.732200895,5,FALSE,FALSE,0,WSC,TGGAAAGGACGAAACACCGTGATTACTGGAAGTACGGGGGTTTTAGAGCTAGAAATAGCAAGTTAAAATAAGGC,GUIDES_sg065_KREMEN1,SH1139,(SH1139) GUIDES_sg065_KREMEN1
GUIDES_sg066,KREMEN1,ENSG00000183762.8,TTACTGGTGCCAGTTAGAGG,GTTGGACGTTTTACTGGTGCCAGTTAGAGGAGGAGGTGGGTTT,22,29517425,0.660612633,4,FALSE,FALSE,0,WSC,TGGAAAGGACGAAACACCGTTACTGGTGCCAGTTAGAGGGTTTTAGAGCTAGAAATAGCAAGTTAAAATAAGGC,GUIDES_sg066_KREMEN1,SH1140,(SH1140) GUIDES_sg066_KREMEN1
GUIDES_sg067,LMO7,ENSG00000136153.15,CAGGGACTCGATGATCATGG,AACAAAGACCCAGGGACTCGATGATCATGGCGGCGGCTCCTTT,13,76429445,0.767439497,34,FALSE,FALSE,0,LIM,TGGAAAGGACGAAACACCGCAGGGACTCGATGATCATGGGTTTTAGAGCTAGAAATAGCAAGTTAAAATAAGGC,GUIDES_sg067_LMO7,SH1141,(SH1141) GUIDES_sg067_LMO7
GUIDES_sg068,LMO7,ENSG00000136153.15,GATCCTGACTTCAGCTCCTG,GGTGGTTTCTGATCCTGACTTCAGCTCCTGAGGAGGAAGAGCC,13,76430707,0.666458078,35,FALSE,FALSE,0,LIM,TGGAAAGGACGAAACACCGGATCCTGACTTCAGCTCCTGGTTTTAGAGCTAGAAATAGCAAGTTAAAATAAGGC,GUIDES_sg068_LMO7,SH1142,(SH1142) GUIDES_sg068_LMO7
GUIDES_sg069,LMX1B,ENSG00000136944.13,CTTCGACGAGACCTCGAAGG,TTCGGCAAGGCTTCGACGAGACCTCGAAGGAGGAGGCCTTGAA,9,129455452,0.713403988,4,FALSE,FALSE,0,Homeobox,TGGAAAGGACGAAACACCGCTTCGACGAGACCTCGAAGGGTTTTAGAGCTAGAAATAGCAAGTTAAAATAAGGC,GUIDES_sg069_LMX1B,SH1143,(SH1143) GUIDES_sg069_LMX1B
GUIDES_sg070,LMX1B,ENSG00000136944.13,GTGCAAGGGTGACTACGAGA,GCCAGCTGCTGTGCAAGGGTGACTACGAGAAGGAGGAGAAGGA,9,129453299,0.675803927,3,FALSE,FALSE,0,LIM,TGGAAAGGACGAAACACCGGTGCAAGGGTGACTACGAGAGTTTTAGAGCTAGAAATAGCAAGTTAAAATAAGGC,GUIDES_sg070_LMX1B,SH1144,(SH1144) GUIDES_sg070_LMX1B
GUIDES_sg071,ME3,ENSG00000151376.12,ACGTCTCGGATGGTGCTGAG,TCTCAAAGACACGTCTCGGATGGTGCTGAGTGGTGGTGGGTAG,11,86153904,0.711900963,18,FALSE,FALSE,0,Malic_M,TGGAAAGGACGAAACACCGACGTCTCGGATGGTGCTGAGGTTTTAGAGCTAGAAATAGCAAGTTAAAATAAGGC,GUIDES_sg071_ME3,SH1145,(SH1145) GUIDES_sg071_ME3
GUIDES_sg072,ME3,ENSG00000151376.12,AGAGAAAGAAGGTGTACCGA,TCATGGCCCTAGAGAAAGAAGGTGTACCGAAGGAGGCAGAGGC,11,86160988,0.683948993,14,FALSE,FALSE,0,Malic_M,TGGAAAGGACGAAACACCGAGAGAAAGAAGGTGTACCGAGTTTTAGAGCTAGAAATAGCAAGTTAAAATAAGGC,GUIDES_sg072_ME3,SH1146,(SH1146) GUIDES_sg072_ME3
GUIDES_sg073,MECOM,ENSG00000085276.13,TAGTACTTCCCATGTGCCAG,TGTCTTCTTTTAGTACTTCCCATGTGCCAGAGGAGGAACTTAA,3,168806930,0.69054325,24,FALSE,FALSE,0,,TGGAAAGGACGAAACACCGTAGTACTTCCCATGTGCCAGGTTTTAGAGCTAGAAATAGCAAGTTAAAATAAGGC,GUIDES_sg073_MECOM,SH1147,(SH1147) GUIDES_sg073_MECOM
GUIDES_sg074,MECOM,ENSG00000085276.13,ACTGTGGCAAGATTTTTCCA,ACTGTGGCAAGATTTTTCCAAGGAGGTCTGCAA,3,168818694,0.638498746,20,FALSE,FALSE,0,zf-C2H2,TGGAAAGGACGAAACACCGACTGTGGCAAGATTTTTCCAGTTTTAGAGCTAGAAATAGCAAGTTAAAATAAGGC,GUIDES_sg074_MECOM,SH1148,(SH1148) GUIDES_sg074_MECOM
GUIDES_sg075,MYOF,ENSG00000138119.12,GGACTTCTGCTCAAAGAGGG,ATCCTTTCATGGACTTCTGCTCAAAGAGGGAGGAGGCTGTCTT,10,95072850,0.689398449,56,FALSE,FALSE,0,,TGGAAAGGACGAAACACCGGGACTTCTGCTCAAAGAGGGGTTTTAGAGCTAGAAATAGCAAGTTAAAATAAGGC,GUIDES_sg075_MYOF,SH1149,(SH1149) GUIDES_sg075_MYOF
GUIDES_sg076,MYOF,ENSG00000138119.12,TGCATGGGTTGGTGAACCAG,TTCATGGTCTTGCATGGGTTGGTGAACCAGAGGAGGAAGGAGG,10,95069903,0.68114604,58,FALSE,FALSE,0,,TGGAAAGGACGAAACACCGTGCATGGGTTGGTGAACCAGGTTTTAGAGCTAGAAATAGCAAGTTAAAATAAGGC,GUIDES_sg076_MYOF,SH1150,(SH1150) GUIDES_sg076_MYOF
GUIDES_sg077,PARD3B,ENSG00000116117.13,AAAGGTACTCTGAAACATGG,GGCTGAGCAGAAAGGTACTCTGAAACATGGTGGTGGCCTGAGA,2,206265799,0.748915706,24,FALSE,FALSE,0,,TGGAAAGGACGAAACACCGAAAGGTACTCTGAAACATGGGTTTTAGAGCTAGAAATAGCAAGTTAAAATAAGGC,GUIDES_sg077_PARD3B,SH1151,(SH1151) GUIDES_sg077_PARD3B
GUIDES_sg078,PARD3B,ENSG00000116117.13,TGGTCTCTTTCTGGAGACAG,ACCCTCTAAGTGGTCTCTTTCTGGAGACAGTGGTGGATGGCCA,2,206305173,0.687131379,25,FALSE,FALSE,0,,TGGAAAGGACGAAACACCGTGGTCTCTTTCTGGAGACAGGTTTTAGAGCTAGAAATAGCAAGTTAAAATAAGGC,GUIDES_sg078_PARD3B,SH1152,(SH1152) GUIDES_sg078_PARD3B
GUIDES_sg079,PDE7B,ENSG00000171408.9,TCTGGGAGATGAGCAAGCAG,CCTTGTAGAATCTGGGAGATGAGCAAGCAGTGGTGGAGTGAAA,6,136502424,0.63710316,11,FALSE,FALSE,0,PDEase_I,TGGAAAGGACGAAACACCGTCTGGGAGATGAGCAAGCAGGTTTTAGAGCTAGAAATAGCAAGTTAAAATAAGGC,GUIDES_sg079_PDE7B,SH1153,(SH1153) GUIDES_sg079_PDE7B
GUIDES_sg080,PDE7B,ENSG00000171408.9,TCTTTCTGTTGATTACAAAG,AGGGATGGAATCTTTCTGTTGATTACAAAGAGGAGGACTGATT,6,136508216,0.626787508,12,FALSE,FALSE,0,PDEase_I,TGGAAAGGACGAAACACCGTCTTTCTGTTGATTACAAAGGTTTTAGAGCTAGAAATAGCAAGTTAAAATAAGGC,GUIDES_sg080_PDE7B,SH1154,(SH1154) GUIDES_sg080_PDE7B
GUIDES_sg081,PKHD1,ENSG00000170927.10,CGTGAGACTCCAGTCACAGG,GGCTGGTCCTCGTGAGACTCCAGTCACAGGTGGTGGTATTCTT,6,51918872,0.721146822,20,FALSE,FALSE,0,,TGGAAAGGACGAAACACCGCGTGAGACTCCAGTCACAGGGTTTTAGAGCTAGAAATAGCAAGTTAAAATAAGGC,GUIDES_sg081_PKHD1,SH1155,(SH1155) GUIDES_sg081_PKHD1
GUIDES_sg082,PKHD1,ENSG00000170927.10,ATGGGATAGCCCCAAGCAGG,GCAGAGCATCATGGGATAGCCCCAAGCAGGGGGGGGATGAGGA,6,51923282,0.648027027,16,FALSE,FALSE,0,,TGGAAAGGACGAAACACCGATGGGATAGCCCCAAGCAGGGTTTTAGAGCTAGAAATAGCAAGTTAAAATAAGGC,GUIDES_sg082_PKHD1,SH1156,(SH1156) GUIDES_sg082_PKHD1
GUIDES_sg083,PLEKHA7,ENSG00000166689.10,TACTCAGGGGATCACCAGCG,GGAGCGCCTGTACTCAGGGGATCACCAGCGAGGAGGCAAGATG,11,16810680,0.733493753,28,FALSE,FALSE,0,,TGGAAAGGACGAAACACCGTACTCAGGGGATCACCAGCGGTTTTAGAGCTAGAAATAGCAAGTTAAAATAAGGC,GUIDES_sg083_PLEKHA7,SH1157,(SH1157) GUIDES_sg083_PLEKHA7
GUIDES_sg084,PLEKHA7,ENSG00000166689.10,CCCCGAACTCTACAGCCCAG,GGCCCCCACTCCCCGAACTCTACAGCCCAGAGGAGGACCAGCC,11,16812606,0.727012157,25,FALSE,FALSE,0,,TGGAAAGGACGAAACACCGCCCCGAACTCTACAGCCCAGGTTTTAGAGCTAGAAATAGCAAGTTAAAATAAGGC,GUIDES_sg084_PLEKHA7,SH1158,(SH1158) GUIDES_sg084_PLEKHA7
GUIDES_sg085,PRSS23,ENSG00000150687.7,GCTGCCCACTGCATACACGA,TGTCCTCACAGCTGCCCACTGCATACACGATGGTGGAAAAACC,11,86519221,0.707785666,3,FALSE,FALSE,0,Trypsin,TGGAAAGGACGAAACACCGGCTGCCCACTGCATACACGAGTTTTAGAGCTAGAAATAGCAAGTTAAAATAAGGC,GUIDES_sg085_PRSS23,SH1159,(SH1159) GUIDES_sg085_PRSS23
GUIDES_sg086,PRSS23,ENSG00000150687.7,AACATCAGTGAAGTTATCCA,ACCCTTTCTCAACATCAGTGAAGTTATCCACGGCGGGCTGCAC,11,86519157,0.589826381,3,FALSE,FALSE,0,Trypsin,TGGAAAGGACGAAACACCGAACATCAGTGAAGTTATCCAGTTTTAGAGCTAGAAATAGCAAGTTAAAATAAGGC,GUIDES_sg086_PRSS23,SH1160,(SH1160) GUIDES_sg086_PRSS23
GUIDES_sg087,PTPRJ,ENSG00000149177.8,CAGTGGTGTCGGGAACACCG,ATGAGCAGGTCAGTGGTGTCGGGAACACCGTGGTGGTCTGGCC,11,48185111,0.752294442,26,FALSE,FALSE,0,Y_phosphatase,TGGAAAGGACGAAACACCGCAGTGGTGTCGGGAACACCGGTTTTAGAGCTAGAAATAGCAAGTTAAAATAAGGC,GUIDES_sg087_PTPRJ,SH1161,(SH1161) GUIDES_sg087_PTPRJ
GUIDES_sg088,PTPRJ,ENSG00000149177.8,GTTCGGTAAAGGTCCTTGTG,CTTTCAAAGTGTTCGGTAAAGGTCCTTGTGTGGTGGCAATAAA,11,48177640,0.742428198,24,FALSE,FALSE,0,Y_phosphatase,TGGAAAGGACGAAACACCGGTTCGGTAAAGGTCCTTGTGGTTTTAGAGCTAGAAATAGCAAGTTAAAATAAGGC,GUIDES_sg088_PTPRJ,SH1162,(SH1162) GUIDES_sg088_PTPRJ
GUIDES_sg089,RALGPS1,ENSG00000136828.14,TGGCAAAAAGGTTTCCATCG,AATCCACACCTGGCAAAAAGGTTTCCATCGTGGTGGGCTGGAT,9,129975256,0.63983389,25,FALSE,FALSE,0,PH,TGGAAAGGACGAAACACCGTGGCAAAAAGGTTTCCATCGGTTTTAGAGCTAGAAATAGCAAGTTAAAATAAGGC,GUIDES_sg089_RALGPS1,SH1163,(SH1163) GUIDES_sg089_RALGPS1
GUIDES_sg090,RALGPS1,ENSG00000136828.14,CGAAAGAAGATAATTACAAG,TACCTGATGTCGAAAGAAGATAATTACAAGCGGCGGACACGGG,9,129831580,0.632295378,11,FALSE,FALSE,0,RasGEF,TGGAAAGGACGAAACACCGCGAAAGAAGATAATTACAAGGTTTTAGAGCTAGAAATAGCAAGTTAAAATAAGGC,GUIDES_sg090_RALGPS1,SH1164,(SH1164) GUIDES_sg090_RALGPS1
GUIDES_sg091,RUNX2,ENSG00000124813.16,AGAGGTACCAGATGGGACTG,TAGCCCTCGGAGAGGTACCAGATGGGACTGTGGTGGTTACTGT,6,45399633,0.707376125,5,FALSE,FALSE,0,Runt,TGGAAAGGACGAAACACCGAGAGGTACCAGATGGGACTGGTTTTAGAGCTAGAAATAGCAAGTTAAAATAAGGC,GUIDES_sg091_RUNX2,SH1165,(SH1165) GUIDES_sg091_RUNX2
GUIDES_sg092,RUNX2,ENSG00000124813.16,CATGGCGGAAGCATTCTGGA,GGTGGTGGTGCATGGCGGAAGCATTCTGGAAGGAGGAGACCGG,6,45514731,0.681198759,11,FALSE,FALSE,0,RunxI,TGGAAAGGACGAAACACCGCATGGCGGAAGCATTCTGGAGTTTTAGAGCTAGAAATAGCAAGTTAAAATAAGGC,GUIDES_sg092_RUNX2,SH1166,(SH1166) GUIDES_sg092_RUNX2
GUIDES_sg093,SPTBN1,ENSG00000115306.11,TGGAATTCCCTACCACAGCG,CTGCTGCTTCTGGAATTCCCTACCACAGCGAGGAGGTCCCTGT,2,54893146,0.712246448,36,FALSE,FALSE,0,PH,TGGAAAGGACGAAACACCGTGGAATTCCCTACCACAGCGGTTTTAGAGCTAGAAATAGCAAGTTAAAATAAGGC,GUIDES_sg093_SPTBN1,SH1167,(SH1167) GUIDES_sg093_SPTBN1
GUIDES_sg094,SPTBN1,ENSG00000115306.11,TCAGTCTTAACCATTCCCAT,TCAGTCTTAACCATTCCCATCGGCGGTCTTCCC,2,54883070,0.683179693,31,FALSE,FALSE,0,Spectrin,TGGAAAGGACGAAACACCGTCAGTCTTAACCATTCCCATGTTTTAGAGCTAGAAATAGCAAGTTAAAATAAGGC,GUIDES_sg094_SPTBN1,SH1168,(SH1168) GUIDES_sg094_SPTBN1
GUIDES_sg095,TES,ENSG00000135269.13,GGGCTGGCTATGATAAACTG,TATGCCGAAAGGGCTGGCTATGATAAACTGTGGTGGCACCCAG,7,115891891,0.774116567,6,FALSE,FALSE,0,LIM,TGGAAAGGACGAAACACCGGGGCTGGCTATGATAAACTGGTTTTAGAGCTAGAAATAGCAAGTTAAAATAAGGC,GUIDES_sg095_TES,SH1169,(SH1169) GUIDES_sg095_TES
GUIDES_sg096,TES,ENSG00000135269.13,CCATGAGTTGTCTCCCAGAG,CTTCAAAGTGCCATGAGTTGTCTCCCAGAGAGGAGGTGAAGGA,7,115890359,0.735126362,5,FALSE,FALSE,0,PET,TGGAAAGGACGAAACACCGCCATGAGTTGTCTCCCAGAGGTTTTAGAGCTAGAAATAGCAAGTTAAAATAAGGC,GUIDES_sg096_TES,SH1170,(SH1170) GUIDES_sg096_TES
GUIDES_sg097,TIMP3,ENSG00000100234.11,GAAGCTTCCGAGAGTCTCTG,CATCCATACGGAAGCTTCCGAGAGTCTCTGTGGTGGCCTTAAG,22,33253303,0.703685264,3,FALSE,FALSE,0,TIMP,TGGAAAGGACGAAACACCGGAAGCTTCCGAGAGTCTCTGGTTTTAGAGCTAGAAATAGCAAGTTAAAATAAGGC,GUIDES_sg097_TIMP3,SH1171,(SH1171) GUIDES_sg097_TIMP3
GUIDES_sg098,TIMP3,ENSG00000100234.11,CTATGATGGCAAGATGTACA,TAGGTCGCGTCTATGATGGCAAGATGTACACGGCGGGGCTGTG,22,33254030,0.591387438,4,FALSE,FALSE,0,TIMP,TGGAAAGGACGAAACACCGCTATGATGGCAAGATGTACAGTTTTAGAGCTAGAAATAGCAAGTTAAAATAAGGC,GUIDES_sg098_TIMP3,SH1172,(SH1172) GUIDES_sg098_TIMP3
GUIDES_sg099,TMCO1,ENSG00000143183.12,AGTCCTTGGATGTAAGAAAG,TCGATGAGACAGTCCTTGGATGTAAGAAAGAGGAGGGGTAAAA,1,165712508,0.652850785,9,FALSE,FALSE,0,DUF841,TGGAAAGGACGAAACACCGAGTCCTTGGATGTAAGAAAGGTTTTAGAGCTAGAAATAGCAAGTTAAAATAAGGC,GUIDES_sg099_TMCO1,SH1173,(SH1173) GUIDES_sg099_TMCO1
GUIDES_sg100,TMCO1,ENSG00000143183.12,GAAACAATAACAGAGTCAGC,AAAGAAGAAGGAAACAATAACAGAGTCAGCTGGTGGTCGACAA,1,165728795,0.622258097,5,FALSE,FALSE,0,DUF841,TGGAAAGGACGAAACACCGGAAACAATAACAGAGTCAGCGTTTTAGAGCTAGAAATAGCAAGTTAAAATAAGGC,GUIDES_sg100_TMCO1,SH1174,(SH1174) GUIDES_sg100_TMCO1
GUIDES_sg101,TNS1,ENSG00000079308.12,AGAGACTTTGAAGTGAACGA,TTCCCTGGGCAGAGACTTTGAAGTGAACGATGGTGGTGGCAGC,2,218674600,0.715095311,42,FALSE,FALSE,0,PTB,TGGAAAGGACGAAACACCGAGAGACTTTGAAGTGAACGAGTTTTAGAGCTAGAAATAGCAAGTTAAAATAAGGC,GUIDES_sg101_TNS1,SH1175,(SH1175) GUIDES_sg101_TNS1
GUIDES_sg102,TNS1,ENSG00000079308.12,CAGAAGGTGACAGTGTTGAG,ATCCAGGTCACAGAAGGTGACAGTGTTGAGAGGAGGGTAGTGG,2,218673369,0.675343539,43,FALSE,FALSE,0,PTB,TGGAAAGGACGAAACACCGCAGAAGGTGACAGTGTTGAGGTTTTAGAGCTAGAAATAGCAAGTTAAAATAAGGC,GUIDES_sg102_TNS1,SH1176,(SH1176) GUIDES_sg102_TNS1
GUIDES_sg103,TRIOBP,ENSG00000100106.15,GCCGACTGGTGACCTCATGG,CCGCTCAAGGGCCGACTGGTGACCTCATGGCGGCGGATGCCCG,22,38136967,0.713915639,3,FALSE,FALSE,0,,TGGAAAGGACGAAACACCGGCCGACTGGTGACCTCATGGGTTTTAGAGCTAGAAATAGCAAGTTAAAATAAGGC,GUIDES_sg103_TRIOBP,SH1177,(SH1177) GUIDES_sg103_TRIOBP
GUIDES_sg104,TRIOBP,ENSG00000100106.15,GGGAGCAGGAGGCAGGAACG,CCAGGGCGGCGGGAGCAGGAGGCAGGAACGTGGTGGACGCGGC,22,38142289,0.656603289,4,FALSE,FALSE,0,,TGGAAAGGACGAAACACCGGGGAGCAGGAGGCAGGAACGGTTTTAGAGCTAGAAATAGCAAGTTAAAATAAGGC,GUIDES_sg104_TRIOBP,SH1178,(SH1178) GUIDES_sg104_TRIOBP
GUIDES_sg105,TXNRD2,ENSG00000184470.15,TAAACCACTGGAGTTCACGG,ACGCCCATTATAAACCACTGGAGTTCACGGTGGTGGCTGGACG,22,19865925,0.785275668,20,FALSE,FALSE,0,Pyr_redox_dim,TGGAAAGGACGAAACACCGTAAACCACTGGAGTTCACGGGTTTTAGAGCTAGAAATAGCAAGTTAAAATAAGGC,GUIDES_sg105_TXNRD2,SH1179,(SH1179) GUIDES_sg105_TXNRD2
GUIDES_sg106,TXNRD2,ENSG00000184470.15,TCATCATTGCTACTGGAGGG,GCCGATCACATCATCATTGCTACTGGAGGGCGGCGGCCGAGAT,22,19902778,0.706088692,8,FALSE,FALSE,0,Pyr_redox_2,TGGAAAGGACGAAACACCGTCATCATTGCTACTGGAGGGGTTTTAGAGCTAGAAATAGCAAGTTAAAATAAGGC,GUIDES_sg106_TXNRD2,SH1180,(SH1180) GUIDES_sg106_TXNRD2
GUIDES_sg107,ZNF280D,ENSG00000137871.15,GGTGAAGCTCCTGATTGCAG,GGAAGGTGTAGGTGAAGCTCCTGATTGCAGAGGAGGTCCAACT,15,56959157,0.700021186,27,FALSE,FALSE,0,,TGGAAAGGACGAAACACCGGGTGAAGCTCCTGATTGCAGGTTTTAGAGCTAGAAATAGCAAGTTAAAATAAGGC,GUIDES_sg107_ZNF280D,SH1181,(SH1181) GUIDES_sg107_ZNF280D
GUIDES_sg108,ZNF280D,ENSG00000137871.15,GAAGAAAGTAAAAGAAGTTG,AACCATGGCAGAAGAAAGTAAAAGAAGTTGAGGAGGATGACGA,15,56996399,0.599965492,15,FALSE,FALSE,0,,TGGAAAGGACGAAACACCGGAAGAAAGTAAAAGAAGTTGGTTTTAGAGCTAGAAATAGCAAGTTAAAATAAGGC,GUIDES_sg108_ZNF280D,SH1182,(SH1182) GUIDES_sg108_ZNF280D
GUIDES_sg109,ABO,ENST00000626615.2,ATGGAGTTCCGCGACCACGT,GGACATGGAGTTCCGCGACCACGTGGGCGT,9,133256070,0.6563,7,,,0,CDS,TGGAAAGGACGAAACACCGATGGAGTTCCGCGACCACGTGTTTTAGAGCTAGAAATAGCAAGTTAAAATAAGGC,GUIDES_sg109_ABO,SH1183,(SH1183) GUIDES_sg109_ABO
GUIDES_sg110,ABO,ENST00000626615.2,CCGGTCCCCAGCGTCACGCG,CCGACCGGTCCCCAGCGTCACGCGGGGCAC,9,133256253,0.6687,7,,,0,CDS,TGGAAAGGACGAAACACCGCCGGTCCCCAGCGTCACGCGGTTTTAGAGCTAGAAATAGCAAGTTAAAATAAGGC,GUIDES_sg110_ABO,SH1184,(SH1184) GUIDES_sg110_ABO
GUIDES_sg111,TEX41,ENST00000451774.5,CCACCTGGTACATCGCCTCA,TGACCCACCTGGTACATCGCCTCAGGGCAT,2,144768238,0.6631,2,,,0,TRANSCRIPT,TGGAAAGGACGAAACACCGCCACCTGGTACATCGCCTCAGTTTTAGAGCTAGAAATAGCAAGTTAAAATAAGGC,GUIDES_sg111_TEX41,SH1185,(SH1185) GUIDES_sg111_TEX41
GUIDES_sg112,TEX41,ENST00000451774.5,AACTCAAGACATTGGAACCA,TCAGAACTCAAGACATTGGAACCAGGGTTT,2,145075260,0.6251,5,,,0,TRANSCRIPT,TGGAAAGGACGAAACACCGAACTCAAGACATTGGAACCAGTTTTAGAGCTAGAAATAGCAAGTTAAAATAAGGC,GUIDES_sg112_TEX41,SH1186,(SH1186) GUIDES_sg112_TEX41
NonTargeting_Human_0001,NonTargeting_Human_0001,,ACGGAGGCTAAGCGTCGCAA,,,,,,,,,,TGGAAAGGACGAAACACCGACGGAGGCTAAGCGTCGCAAGTTTTAGAGCTAGAAATAGCAAGTTAAAATAAGGC,NonTargeting_Human_0001,SH1187,(SH1187) NonTargeting_Human_0001
NonTargeting_Human_0002,NonTargeting_Human_0002,,CGCTTCCGCGGCCCGTTCAA,,,,,,,,,,TGGAAAGGACGAAACACCGCGCTTCCGCGGCCCGTTCAAGTTTTAGAGCTAGAAATAGCAAGTTAAAATAAGGC,NonTargeting_Human_0002,SH1188,(SH1188) NonTargeting_Human_0002
NonTargeting_Human_0003,NonTargeting_Human_0003,,ATCGTTTCCGCTTAACGGCG,,,,,,,,,,TGGAAAGGACGAAACACCGATCGTTTCCGCTTAACGGCGGTTTTAGAGCTAGAAATAGCAAGTTAAAATAAGGC,NonTargeting_Human_0003,SH1189,(SH1189) NonTargeting_Human_0003
NonTargeting_Human_0004,NonTargeting_Human_0004,,GTAGGCGCGCCGCTCTCTAC,,,,,,,,,,TGGAAAGGACGAAACACCGGTAGGCGCGCCGCTCTCTACGTTTTAGAGCTAGAAATAGCAAGTTAAAATAAGGC,NonTargeting_Human_0004,SH1190,(SH1190) NonTargeting_Human_0004
NonTargeting_Human_0005,NonTargeting_Human_0005,,CCATATCGGGGCGAGACATG,,,,,,,,,,TGGAAAGGACGAAACACCGCCATATCGGGGCGAGACATGGTTTTAGAGCTAGAAATAGCAAGTTAAAATAAGGC,NonTargeting_Human_0005,SH1191,(SH1191) NonTargeting_Human_0005
NonTargeting_Human_0006,NonTargeting_Human_0006,,TACTAACGCCGCTCCTACAG,,,,,,,,,,TGGAAAGGACGAAACACCGTACTAACGCCGCTCCTACAGGTTTTAGAGCTAGAAATAGCAAGTTAAAATAAGGC,NonTargeting_Human_0006,SH1192,(SH1192) NonTargeting_Human_0006
NonTargeting_Human_0007,NonTargeting_Human_0007,,TGAGGATCATGTCGAGCGCC,,,,,,,,,,TGGAAAGGACGAAACACCGTGAGGATCATGTCGAGCGCCGTTTTAGAGCTAGAAATAGCAAGTTAAAATAAGGC,NonTargeting_Human_0007,SH1193,(SH1193) NonTargeting_Human_0007
NonTargeting_Human_0008,NonTargeting_Human_0008,,GGGCCCGCATAGGATATCGC,,,,,,,,,,TGGAAAGGACGAAACACCGGGGCCCGCATAGGATATCGCGTTTTAGAGCTAGAAATAGCAAGTTAAAATAAGGC,NonTargeting_Human_0008,SH1194,(SH1194) NonTargeting_Human_0008
NonTargeting_Human_0009,NonTargeting_Human_0009,,TAGACAACCGCGGAGAATGC,,,,,,,,,,TGGAAAGGACGAAACACCGTAGACAACCGCGGAGAATGCGTTTTAGAGCTAGAAATAGCAAGTTAAAATAAGGC,NonTargeting_Human_0009,SH1195,(SH1195) NonTargeting_Human_0009
NonTargeting_Human_0010,NonTargeting_Human_0010,,ACGGGCGGCTATCGCTGACT,,,,,,,,,,TGGAAAGGACGAAACACCGACGGGCGGCTATCGCTGACTGTTTTAGAGCTAGAAATAGCAAGTTAAAATAAGGC,NonTargeting_Human_0010,SH1196,(SH1196) NonTargeting_Human_0010
GUIDES_sg113,CYP1B1,ENSG00000138061.7,AATGTGGTAGCCCAAGACAG,TGTCCTTGGGAATGTGGTAGCCCAAGACAGAGGAGGTGTTGGC,2,38298274,0.775320729,5,TRUE,FALSE,0,p450,TGGAAAGGACGAAACACCGAATGTGGTAGCCCAAGACAGGTTTTAGAGCTAGAAATAGCAAGTTAAAATAAGGC,GUIDES_sg113_CYP1B1,SH1197,(SH1197) GUIDES_sg113_CYP1B1
GUIDES_sg114,CYP1B1,ENSG00000138061.7,GTGGCCACTGATCGGAAACG,GCCCGTTTGCGTGGCCACTGATCGGAAACGCGGCGGCGGCGGT,2,38301675,0.726256031,3,FALSE,FALSE,0,p450,TGGAAAGGACGAAACACCGGTGGCCACTGATCGGAAACGGTTTTAGAGCTAGAAATAGCAAGTTAAAATAAGGC,GUIDES_sg114_CYP1B1,SH1198,(SH1198) GUIDES_sg114_CYP1B1
GUIDES_sg115,FOXC1,ENSG00000054598.5,GCAAGCCATGAGCCTGTACG,ACTGCAACCTGCAAGCCATGAGCCTGTACGCGGCGGCCGGCGA,6,1611890,0.747984594,1,TRUE,FALSE,0,,TGGAAAGGACGAAACACCGGCAAGCCATGAGCCTGTACGGTTTTAGAGCTAGAAATAGCAAGTTAAAATAAGGC,GUIDES_sg115_FOXC1,SH1199,(SH1199) GUIDES_sg115_FOXC1
GUIDES_sg116,FOXC1,ENSG00000054598.5,TCGTCGTCCCTGAGTCACGG,CAGCAGCAGCTCGTCGTCCCTGAGTCACGGCGGCGGCGGCGGC,6,1612020,0.730741126,1,TRUE,FALSE,0,,TGGAAAGGACGAAACACCGTCGTCGTCCCTGAGTCACGGGTTTTAGAGCTAGAAATAGCAAGTTAAAATAAGGC,GUIDES_sg116_FOXC1,SH1200,(SH1200) GUIDES_sg116_FOXC1
GUIDES_sg117,GMDS,ENSG00000112699.6,GATTGTGGTGAACTTCCGTG,ATGCCTATTGGATTGTGGTGAACTTCCGTGAGGAGGCGTATAA,6,1960145,0.727535334,8,FALSE,FALSE,0,Epimerase,TGGAAAGGACGAAACACCGGATTGTGGTGAACTTCCGTGGTTTTAGAGCTAGAAATAGCAAGTTAAAATAAGGC,GUIDES_sg117_GMDS,SH1201,(SH1201) GUIDES_sg117_GMDS
GUIDES_sg118,GMDS,ENSG00000112699.6,GTTGCAGAATGATGAGCCGG,TGTGGTTGATGTTGCAGAATGATGAGCCGGAGGAGGACTTCGT,6,1742735,0.65599947,10,FALSE,FALSE,0,Epimerase,TGGAAAGGACGAAACACCGGTTGCAGAATGATGAGCCGGGTTTTAGAGCTAGAAATAGCAAGTTAAAATAAGGC,GUIDES_sg118_GMDS,SH1202,(SH1202) GUIDES_sg118_GMDS
GUIDES_sg119,LTBP2,ENSG00000119681.7,CCTCCCGCACGCGCACACAG,CAGGTGTAGCCCTCCCGCACGCGCACACAGCGGCGGCCATTCT,14,74968223,0.755863507,35,FALSE,FALSE,0,EGF,TGGAAAGGACGAAACACCGCCTCCCGCACGCGCACACAGGTTTTAGAGCTAGAAATAGCAAGTTAAAATAAGGC,GUIDES_sg119_LTBP2,SH1203,(SH1203) GUIDES_sg119_LTBP2
GUIDES_sg120,LTBP2,ENSG00000119681.7,CAGGCAGACATAACCAGGCA,CGGGATTGCACAGGCAGACATAACCAGGCACGGCGGTGTTGAG,14,74970694,0.708717,31,FALSE,FALSE,0,EGF_CA,TGGAAAGGACGAAACACCGCAGGCAGACATAACCAGGCAGTTTTAGAGCTAGAAATAGCAAGTTAAAATAAGGC,GUIDES_sg120_LTBP2,SH1204,(SH1204) GUIDES_sg120_LTBP2
GUIDES_sg121,MYOC,ENSG00000034971.10,GGTCATACTCAAAAACCTGG,TGGCTGATGAGGTCATACTCAAAAACCTGGCGGCGGACATCCG,1,171605692,0.763937898,3,TRUE,FALSE,0,OLF,TGGAAAGGACGAAACACCGGGTCATACTCAAAAACCTGGGTTTTAGAGCTAGAAATAGCAAGTTAAAATAAGGC,GUIDES_sg121_MYOC,SH1205,(SH1205) GUIDES_sg121_MYOC
GUIDES_sg122,MYOC,ENSG00000034971.10,ATGCCAGTATACCTTCAGTG,AGAGTGGCCGATGCCAGTATACCTTCAGTGTGGTGGCCAGTCC,1,171621304,0.722928246,1,FALSE,FALSE,0,,TGGAAAGGACGAAACACCGATGCCAGTATACCTTCAGTGGTTTTAGAGCTAGAAATAGCAAGTTAAAATAAGGC,GUIDES_sg122_MYOC,SH1206,(SH1206) GUIDES_sg122_MYOC
GUIDES_sg123,TEK,ENSG00000120156.16,TCTTGCGAAGGAAGTCCAGA,AGCACACGGCTCTTGCGAAGGAAGTCCAGAAGGAGGTTTCCAT,9,27212852,0.627785812,17,FALSE,FALSE,0,Pkinase,TGGAAAGGACGAAACACCGTCTTGCGAAGGAAGTCCAGAGTTTTAGAGCTAGAAATAGCAAGTTAAAATAAGGC,GUIDES_sg123_TEK,SH1207,(SH1207) GUIDES_sg123_TEK
GUIDES_sg124,TEK,ENSG00000120156.16,ATCTAATGAGACAATGCTGG,CGAAGGTATGATCTAATGAGACAATGCTGGCGGCGGGAGAAGC,9,27228228,0.626682424,22,FALSE,FALSE,0,Pkinase,TGGAAAGGACGAAACACCGATCTAATGAGACAATGCTGGGTTTTAGAGCTAGAAATAGCAAGTTAAAATAAGGC,GUIDES_sg124_TEK,SH1208,(SH1208) GUIDES_sg124_TEK